Workbook

Sheet Judge1
A1: JUDGE 1
A2: Team Name | B2: Batting | C2: Bowling | D2: Fielding
A3: CSK | B3: 5 | C3: 5 | D3: 5
A4: RCB | B4: 5 | C4: 5 | D4: 5
A5: KKR | B5: 5 | C5: 5 | D5: 5
A6: DC | B6: 5 | C6: 5 | D6: 5
A7: MI | B7: 5 | C7: 5 | D7: 5
A8: SRH | B8: 5 | C8: 5 | D8: 5
A9: GT | B9: 5 | C9: 5 | D9: 5
A10: LSG | B10: 5 | C10: 5 | D10: 5
A11: PBKS | B11: 5 | C11: 5 | D11: 5
A12: RR | B12: 5 | C12: 5 | D12: 5

Sheet Judge2
A1: JUDGE 2
A2: Team Name | B2: Batting | C2: Bowling | D2: Fielding
A3: CSK | B3: 4 | C3: 3 | D3: 3
A4: RCB | B4: 5 | C4: 4 | D4: 4
A5: KKR | B5: 3 | C5: 2 | D5: 3
A6: DC | B6: 3 | C6: 4 | D6: 4
A7: MI | B7: 4 | C7: 5 | D7: 4
A8: SRH | B8: 5 | C8: 3 | D8: 4
A9: GT | B9: 4 | C9: 3 | D9: 5
A10: LSG | B10: 3 | C10: 4 | D10: 3
A11: PBKS | B11: 5 | C11: 5 | D11: 5
A12: RR | B12: 4 | C12: 3 | D12: 4

Sheet Judge3
A1: JUDGE 3
A2: Team Name | B2: Batting | C2: Bowling | D2: Fielding
A3: CSK | B3: 5 | C3: 5 | D3: 5
A4: RCB | B4: 4 | C4: 3 | D4: 4
A5: KKR | B5: 5 | C5: 3 | D5: 2
A6: DC | B6: 4 | C6: 4 | D6: 3
A7: MI | B7: 3 | C7: 5 | D7: 4
A8: SRH | B8: 4 | C8: 3 | D8: 2
A9: GT | B9: 5 | C9: 5 | D9: 3
A10: LSG | B10: 3 | C10: 3 | D10: 4
A11: PBKS | B11: 4 | C11: 4 | D11: 5
A12: RR | B12: 5 | C12: 3 | D12: 4

Sheet Main Sheet
A5: Team Name | B5: JUDGE 1 | E5: JUDGE 2 | H5: JUDGE 3 | K5: TOTAL
B8: Batting | C8: Bowling | D8: Fielding | E8: Batting | F8: Bowling | G8: Fielding | H8: Batting | I8: Bowling | J8: Fielding
A9: CSK | B9: =VLOOKUP('Main Sheet'!A9,Judge1!A2:D12,2,FALSE) -> 5 | C9: =VLOOKUP(A9,Judge1!A2:D12,3,FALSE) -> 5 | D9: =VLOOKUP(A9,Judge1!A2:D12,4,FALSE) -> 5 | E9: =VLOOKUP(A9,Judge2!A2:D12,2,FALSE) -> 4 | F9: =VLOOKUP(A9,Judge2!A2:D12,3,FALSE) -> 3 | G9: =VLOOKUP(A9,Judge2!A2:D12,4,FALSE) -> 3 | H9: =VLOOKUP(A9,Judge3!A2:D12,2,FALSE) -> 5 | I9: =VLOOKUP(A9,Judge3!A2:D12,3,FALSE) -> 5 | J9: =VLOOKUP(A9,Judge3!A2:D12,4,FALSE) -> 5 | K9: =SUM(B9:J9) -> 40
A10: RCB | B10: =VLOOKUP('Main Sheet'!A10,Judge1!A3:D13,2,FALSE) -> 5 | C10: =VLOOKUP(A10,Judge1!A3:D13,3,FALSE) -> 5 | D10: =VLOOKUP(A10,Judge1!A3:D13,4,FALSE) -> 5 | E10: =VLOOKUP(A10,Judge2!A3:D13,2,FALSE) -> 5 | F10: =VLOOKUP(A10,Judge2!A3:D13,3,FALSE) -> 4 | G10: =VLOOKUP(A10,Judge2!A3:D13,4,FALSE) -> 4 | H10: =VLOOKUP(A10,Judge3!A3:D13,2,FALSE) -> 4 | I10: =VLOOKUP(A10,Judge3!A3:D13,3,FALSE) -> 3 | J10: =VLOOKUP(A10,Judge3!A3:D13,4,FALSE) -> 4 | K10: =SUM(B10:J10) -> 39
A11: KKR | B11: =VLOOKUP('Main Sheet'!A11,Judge1!A4:D14,2,FALSE) -> 5 | C11: =VLOOKUP(A11,Judge1!A4:D14,3,FALSE) -> 5 | D11: =VLOOKUP(A11,Judge1!A4:D14,4,FALSE) -> 5 | E11: =VLOOKUP(A11,Judge2!A4:D14,2,FALSE) -> 3 | F11: =VLOOKUP(A11,Judge2!A4:D14,3,FALSE) -> 2 | G11: =VLOOKUP(A11,Judge2!A4:D14,4,FALSE) -> 3 | H11: =VLOOKUP(A11,Judge3!A4:D14,2,FALSE) -> 5 | I11: =VLOOKUP(A11,Judge3!A4:D14,3,FALSE) -> 3 | J11: =VLOOKUP(A11,Judge3!A4:D14,4,FALSE) -> 2 | K11: =SUM(B11:J11) -> 33
A12: DC | B12: =VLOOKUP('Main Sheet'!A12,Judge1!A5:D15,2,FALSE) -> 5 | C12: =VLOOKUP(A12,Judge1!A5:D15,3,FALSE) -> 5 | D12: =VLOOKUP(A12,Judge1!A5:D15,4,FALSE) -> 5 | E12: =VLOOKUP(A12,Judge2!A5:D15,2,FALSE) -> 3 | F12: =VLOOKUP(A12,Judge2!A5:D15,3,FALSE) -> 4 | G12: =VLOOKUP(A12,Judge2!A5:D15,4,FALSE) -> 4 | H12: =VLOOKUP(A12,Judge3!A5:D15,2,FALSE) -> 4 | I12: =VLOOKUP(A12,Judge3!A5:D15,3,FALSE) -> 4 | J12: =VLOOKUP(A12,Judge3!A5:D15,4,FALSE) -> 3 | K12: =SUM(B12:J12) -> 37
A13: MI | B13: =VLOOKUP('Main Sheet'!A13,Judge1!A6:D16,2,FALSE) -> 5 | C13: =VLOOKUP(A13,Judge1!A6:D16,3,FALSE) -> 5 | D13: =VLOOKUP(A13,Judge1!A6:D16,4,FALSE) -> 5 | E13: =VLOOKUP(A13,Judge2!A6:D16,2,FALSE) -> 4 | F13: =VLOOKUP(A13,Judge2!A6:D16,3,FALSE) -> 5 | G13: =VLOOKUP(A13,Judge2!A6:D16,4,FALSE) -> 4 | H13: =VLOOKUP(A13,Judge3!A6:D16,2,FALSE) -> 3 | I13: =VLOOKUP(A13,Judge3!A6:D16,3,FALSE) -> 5 | J13: =VLOOKUP(A13,Judge3!A6:D16,4,FALSE) -> 4 | K13: =SUM(B13:J13) -> 40
A14: SRH | B14: =VLOOKUP('Main Sheet'!A14,Judge1!A7:D17,2,FALSE) -> 5 | C14: =VLOOKUP(A14,Judge1!A7:D17,3,FALSE) -> 5 | D14: =VLOOKUP(A14,Judge1!A7:D17,4,FALSE) -> 5 | E14: =VLOOKUP(A14,Judge2!A7:D17,2,FALSE) -> 5 | F14: =VLOOKUP(A14,Judge2!A7:D17,3,FALSE) -> 3 | G14: =VLOOKUP(A14,Judge2!A7:D17,4,FALSE) -> 4 | H14: =VLOOKUP(A14,Judge3!A7:D17,2,FALSE) -> 4 | I14: =VLOOKUP(A14,Judge3!A7:D17,3,FALSE) -> 3 | J14: =VLOOKUP(A14,Judge3!A7:D17,4,FALSE) -> 2 | K14: =SUM(B14:J14) -> 36
A15: GT | B15: =VLOOKUP('Main Sheet'!A15,Judge1!A8:D18,2,FALSE) -> 5 | C15: =VLOOKUP(A15,Judge1!A8:D18,3,FALSE) -> 5 | D15: =VLOOKUP(A15,Judge1!A8:D18,4,FALSE) -> 5 | E15: =VLOOKUP(A15,Judge2!A8:D18,2,FALSE) -> 4 | F15: =VLOOKUP(A15,Judge2!A8:D18,3,FALSE) -> 3 | G15: =VLOOKUP(A15,Judge2!A8:D18,4,FALSE) -> 5 | H15: =VLOOKUP(A15,Judge3!A8:D18,2,FALSE) -> 5 | I15: =VLOOKUP(A15,Judge3!A8:D18,3,FALSE) -> 5 | J15: =VLOOKUP(A15,Judge3!A8:D18,4,FALSE) -> 3 | K15: =SUM(B15:J15) -> 40
A16: LSG | B16: =VLOOKUP('Main Sheet'!A16,Judge1!A9:D19,2,FALSE) -> 5 | C16: =VLOOKUP(A16,Judge1!A9:D19,3,FALSE) -> 5 | D16: =VLOOKUP(A16,Judge1!A9:D19,4,FALSE) -> 5 | E16: =VLOOKUP(A16,Judge2!A9:D19,2,FALSE) -> 3 | F16: =VLOOKUP(A16,Judge2!A9:D19,3,FALSE) -> 4 | G16: =VLOOKUP(A16,Judge2!A9:D19,4,FALSE) -> 3 | H16: =VLOOKUP(A16,Judge3!A9:D19,2,FALSE) -> 3 | I16: =VLOOKUP(A16,Judge3!A9:D19,3,FALSE) -> 3 | J16: =VLOOKUP(A16,Judge3!A9:D19,4,FALSE) -> 4 | K16: =SUM(B16:J16) -> 35
A17: PBKS | B17: =VLOOKUP('Main Sheet'!A17,Judge1!A10:D20,2,FALSE) -> 5 | C17: =VLOOKUP(A17,Judge1!A10:D20,3,FALSE) -> 5 | D17: =VLOOKUP(A17,Judge1!A10:D20,4,FALSE) -> 5 | E17: =VLOOKUP(A17,Judge2!A10:D20,2,FALSE) -> 5 | F17: =VLOOKUP(A17,Judge2!A10:D20,3,FALSE) -> 5 | G17: =VLOOKUP(A17,Judge2!A10:D20,4,FALSE) -> 5 | H17: =VLOOKUP(A17,Judge3!A10:D20,2,FALSE) -> 4 | I17: =VLOOKUP(A17,Judge3!A10:D20,3,FALSE) -> 4 | J17: =VLOOKUP(A17,Judge3!A10:D20,4,FALSE) -> 5 | K17: =SUM(B17:J17) -> 43
A18: RR | B18: =VLOOKUP('Main Sheet'!A18,Judge1!A11:D21,2,FALSE) -> 5 | C18: =VLOOKUP(A18,Judge1!A11:D21,3,FALSE) -> 5 | D18: =VLOOKUP(A18,Judge1!A11:D21,4,FALSE) -> 5 | E18: =VLOOKUP(A18,Judge2!A11:D21,2,FALSE) -> 4 | F18: =VLOOKUP(A18,Judge2!A11:D21,3,FALSE) -> 3 | G18: =VLOOKUP(A18,Judge2!A11:D21,4,FALSE) -> 4 | H18: =VLOOKUP(A18,Judge3!A11:D21,2,FALSE) -> 5 | I18: =VLOOKUP(A18,Judge3!A11:D21,3,FALSE) -> 3 | J18: =VLOOKUP(A18,Judge3!A11:D21,4,FALSE) -> 4 | K18: =SUM(B18:J18) -> 38
